{
  "gemini_flash": [
    999,
    999,
    999,
    999,
    999
  ],
  "claude_haiku": [
    0.955348014831543,
    0.8664169311523438,
    1.0936989784240723,
    1.1968817710876465,
    0.8264782428741455
  ],
  "openai_gpt4o_mini": [
    1.75368070602417,
    1.8756768703460693,
    1.8609347343444824,
    1.380631923675537,
    5.554934024810791
  ]
}