{
  "gemini_flash": [
    6.088189125061035,
    3.355315923690796,
    2.458122968673706,
    2.5051329135894775,
    6.8681840896606445
  ],
  "claude_haiku": [
    1.0124928951263428,
    0.8679599761962891,
    1.2931840419769287,
    0.8545951843261719,
    0.8569107055664062
  ],
  "openai_gpt4o_mini": [
    1.38773775100708,
    4.540755748748779,
    2.0581541061401367,
    1.2703437805175781,
    2.1888339519500732
  ]
}